name,username,email,password
Adam Meijer,adammeijer,adam5007@learnhubs.com,adammeijer5673
Adele Ravich,adeleravich,adele3800@learnhubs.com,adeleravich9202
Adele Luchinina,adeleluchinina,adele7630@learnhubs.com,adeleluchinina4348
Adriana Shanny,adrianashanny,adriana0601@learnhubs.com,adrianashanny6214
Akira Newton,akiranewton,akira0281@learnhubs.com,akiranewton2981
Alan Illas,alanillas,alan5893@learnhubs.com,alanillas2779
Alba Gomez,albagomez,alba1585@learnhubs.com,albagomez6610
Alex Castaños,alexcastaños,alex0099@learnhubs.com,alexcastaños2564
Alex Gibbs,alexgibbs,alex5837@learnhubs.com,alexgibbs6245
Alexandria Dhingra,alexandriadhingra,alexandria6063@learnhubs.com,alexandriadhingra5629
Alicia Amat,aliciaamat,alicia8169@learnhubs.com,aliciaamat638
Alisa Vnukova,alisavnukova,alisa1402@learnhubs.com,alisavnukova6071
Alon Messinger,alonmessinger,alon0582@learnhubs.com,alonmessinger917
Alpha Herledant,alphaherledant,alpha7315@learnhubs.com,alphaherledant9030
Alvin Shojai,alvinshojai,alvin9081@learnhubs.com,alvinshojai1531
Amalia Maor,amaliamaor,amalia5418@learnhubs.com,amaliamaor7595
Anastasija Ardavichus,anastasijaardavichus,anastasija0058@learnhubs.com,anastasijaardavichus7532
Arthur Easton,arthureaston,arthur6509@learnhubs.com,arthureaston9046
Ashe McIntyre Caudill,ashemcintyre ,ashe0521@learnhubs.com,ashemcintyre8597
Atalaya Silberachmidt,atalayasilberachmidt,atalaya0076@learnhubs.com,atalayasilberachmidt4062
Athena Dhingra,athenadhingra,athena5946@learnhubs.com,athenadhingra9098
Aviad Schnader,aviadschnader,aviad0115@learnhubs.com,aviadschnader6811
Avner Shanny,avnershanny,avner0679@learnhubs.com,avnershanny1127
Ben Hobbs,benhobbs,ben9922@learnhubs.com,benhobbs4067
Berta Gimeno Santesmases,bertagimeno ,berta0261@learnhubs.com,bertagimeno1198
Caspar Oliver,casparoliver,caspar0946@learnhubs.com,casparoliver7726
Charlotte Morris,charlottemorris,charlotte0255@learnhubs.com,charlottemorris9309
Coen Cyrus,coencyrus,coen0327@learnhubs.com,coencyrus3595
Cole Leitch,coleleitch,cole0155@learnhubs.com,coleleitch1547
David Burdman,davidburdman,david0748@learnhubs.com,davidburdman5365
David Shakhnovskaya Gorev,davidshakhnovskaya ,david0071@learnhubs.com,davidshakhnovskaya195
Demyan Repin,demyanrepin,demyan0813@learnhubs.com,demyanrepin2901
Diego Torres,diegotorres,diego0090@learnhubs.com,diegotorres1505
Dmitri Simon,dmitrisimon,dmitri5606@learnhubs.com,dmitrisimon8955
Eden Newton,edennewton,eden8944@learnhubs.com,edennewton45348
Eli Ravich,eliravich,eli0203@learnhubs.com,eliravich5061
Ellis Mitchell,ellismitchell,ellis0373@learnhubs.com,ellismitchell678
Eman Haroun,emanharoun,eman0258@learnhubs.com,emanharoun1646
Emily Knight,emilyknight,emily6468@learnhubs.com,emilyknight4105
Emma MacLaren,emmamaclaren,emma0425@learnhubs.com,emmamaclaren6449
Emmy Bryan,emmybryan,emmy0508@learnhubs.com,emmybryan7141
Ennis Losa,ennislosa,ennis0999@learnhubs.com,ennislosa487
Eren Malone,erenmalone,eren3312@learnhubs.com,erenmalone695
Eren Cook,erencook,eren0609@learnhubs.com,erencook9544
Esme Mylvaganam,esmemylvaganam,esme0513@learnhubs.com,esmemylvaganam48
Ferran Gimeno Santesmases,ferrangimeno ,ferran0010@learnhubs.com,ferrangimeno8012
Fiona Commeleran,fionacommeleran,fiona0176@learnhubs.com,fionacommeleran7310
Flynn Ellens,flynnellens,flynn0677@learnhubs.com,flynnellens8792
Gerard Villalba,gerardvillalba,gerard0624@learnhubs.com,gerardvillalba8438
Guillaume Rivkine Monnier,guillaumerivkine ,guillaume0682@learnhubs.com,guillaumerivkine9634
Hannah Dirakvand,hannahdirakvand,hannah0706@learnhubs.com,hannahdirakvand9350
Hermes Mesa,hermesmesa,hermes0128@learnhubs.com,hermesmesa1039
Indira Gori,indiragori,indira6481@learnhubs.com,indiragori9883
Ingrid Alonso,ingridalonso,ingrid0389@learnhubs.com,ingridalonso696
Intie Shafiq,intieshafiq,intie7235@learnhubs.com,intieshafiq8532
Izan Castaños,izancastaños,izan0483@learnhubs.com,izancastaños3013
Jack Morris,jackmorris,jack0978@learnhubs.com,jackmorris5335
Jacob Lancey,jacoblancey,jacob3622@learnhubs.com,jacoblancey1913
Jago Bakshy,jagobakshy,jago0888@learnhubs.com,jagobakshy5144
Jasmine Howe,jasminehowe,jasmine9083@learnhubs.com,jasminehowe9721
Jasper Bakshy,jasperbakshy,jasper0801@learnhubs.com,jasperbakshy1940
Joaquim Wells,joaquimwells,joaquim0346@learnhubs.com,joaquimwells2234
Juno Sutton,junosutton,juno3497@learnhubs.com,junosutton4846
Keanu Kuperman,keanukuperman,keanu0507@learnhubs.com,keanukuperman9229
Laszlo Deweerdt,laszlodeweerdt,laszlo0061@learnhubs.com,laszlodeweerdt3937
Lea Bisson,leabisson,lea0825@learnhubs.com,leabisson3667
Leo Gomez,leogomez,leo0671@learnhubs.com,leogomez4706
Leon Schneider,leonschneider,leon4067@learnhubs.com,leonschneider1307
Liam Weiss,liamweiss,liam8080@learnhubs.com,liamweiss2840
Lily Gertsacov,lilygertsacov,lily0755@learnhubs.com,lilygertsacov3505
Lisa Mendez,lisamendez,lisa5063@learnhubs.com,lisamendez9382
Lorenzo Schulze,lorenzoschulze,lorenzo0594@learnhubs.com,lorenzoschulze9659
Louis Loughran,louisloughran,louis0940@learnhubs.com,louisloughran2010
Louise Van der Velde,louisevan ,louise0493@learnhubs.com,louisevan5566
Luca Holland,lucaholland,luca0031@learnhubs.com,lucaholland2468
Luca de Somere,lucade ,luca0458@learnhubs.com,lucade44
Luca Pommerening,lucapommerening,luca4974@learnhubs.com,lucapommerening7459
Lucas Hellin,lucashellin,lucas1287@learnhubs.com,lucashellin3547
Lucas Fernandez,lucasfernandez,lucas0821@learnhubs.com,lucasfernandez9883
Lur Montes,lurmontes,lur9923@learnhubs.com,lurmontes9542
Maliyah Bustillo,maliyahbustillo,maliyah0478@learnhubs.com,maliyahbustillo6288
Malou Weiss,malouweiss,malou4372@learnhubs.com,malouweiss6410
Mateo Castello,mateocastello,mateo9738@learnhubs.com,mateocastello1889
Mattias Halbach,mattiashalbach,mattias0931@learnhubs.com,mattiashalbach5361
Max Bumm,maxbumm,max2627@learnhubs.com,maxbumm6472
Maya Messinger,mayamessinger,maya3426@learnhubs.com,mayamessinger7826
Mia Meyer,miameyer,mia9596@learnhubs.com,miameyer7838
Mika Meurs,mikameurs,mika0755@learnhubs.com,mikameurs5169
Mika Tulusan Hopfner,mikatulusan ,mika3023@learnhubs.com,mikatulusan6919
Milla Hazekamp,millahazekamp,milla0282@learnhubs.com,millahazekamp9144
Mishka Petychuk,mishkapetychuk,mishka2816@learnhubs.com,mishkapetychuk3053
Nara Scarda,narascarda,nara0983@learnhubs.com,narascarda4736
Natasha Gatward,natashagatward,natasha0895@learnhubs.com,natashagatward4667
Noah Webb,noahwebb,noah8289@learnhubs.com,noahwebb8097
Noah Duvoux,noahduvoux,noah9788@learnhubs.com,noahduvoux414
Nora Kozma Vilar,norakozma ,nora0448@learnhubs.com,norakozma2833
Oliver Kessel,oliverkessel,oliver5338@learnhubs.com,oliverkessel6912
Ona Wells,onawells,ona0129@learnhubs.com,onawells3496
Orian Hoch,orianhoch,orian3756@learnhubs.com,orianhoch122
Owen Innes,oweninnes,owen1637@learnhubs.com,oweninnes7802
Owen Robins,owenrobins,owen0450@learnhubs.com,owenrobins9121
Pablo Espla,pabloespla,pablo0722@learnhubs.com,pabloespla9554
Pau Vizuete,pauvizuete,pau0036@learnhubs.com,pauvizuete9927
Pau MacLaren,paumaclaren,pau0687@learnhubs.com,paumaclaren4979
Pepjin Van Doorn,pepjinvan ,pepjin0081@learnhubs.com,pepjinvan6944
Phillip Emma,phillipemma,phillip0505@learnhubs.com,phillipemma2160
Raj Chopra,rajchopra,raj0992@learnhubs.com,rajchopra4624
Renee Bisson,reneebisson,renee0581@learnhubs.com,reneebisson9240
Reqlex Manuputty,reqlexmanuputty,reqlex0341@learnhubs.com,reqlexmanuputty8838
Rio Saura,riosaura,rio2799@learnhubs.com,riosaura3397
Roxanne Kosread,roxannekosread,roxanne0704@learnhubs.com,roxannekosread8060
Roxy Bryan,roxybryan,roxy1321@learnhubs.com,roxybryan2350
Samir Chopra,samirchopra,samir0790@learnhubs.com,samirchopra8360
Sasha Kuznetsova,sashakuznetsova,sasha0959@learnhubs.com,sashakuznetsova9933
Scarlett Hernandez,scarletthernandez,scarlett9630@learnhubs.com,scarletthernandez3041
Sheyi Casbolt,sheyicasbolt,sheyi6071@learnhubs.com,sheyicasbolt496
Sima Klimovsky,simaklimovsky,sima0197@learnhubs.com,simaklimovsky9960
Sofia Hellin,sofiahellin,sofia0543@learnhubs.com,sofiahellin5513
Sol Gibbs,solgibbs,sol3640@learnhubs.com,solgibbs4572
Sonik Kanizo,sonikkanizo,sonik0522@learnhubs.com,sonikkanizo3413
Sophie Marshall,sophiemarshall,sophie0737@learnhubs.com,sophiemarshall9738
Tenzin Gori,tenzingori,tenzin0312@learnhubs.com,tenzingori7718
Thiago Puga,thiagopuga,thiago0135@learnhubs.com,thiagopuga9685
Thiago Rosales,thiagorosales,thiago0665@learnhubs.com,thiagorosales2861
Thomas Blue,thomasblue,thomas7083@learnhubs.com,thomasblue3142
Topper Axmaker,topperaxmaker,topper7294@learnhubs.com,topperaxmaker4409
Tye Causey,tyecausey,tye4406@learnhubs.com,tyecausey2709
Ulysses Herledant,ulyssesherledant,ulysses0418@learnhubs.com,ulyssesherledant4848
Val Arenas,valarenas,val5944@learnhubs.com,valarenas4851
Vasily Gorev,vasilygorev,vasily5772@learnhubs.com,vasilygorev5811
Xavier Tesor,xaviertesor,xavier0341@learnhubs.com,xaviertesor8336
Yaran Von Der Recke,yaranvon ,yaran0172@learnhubs.com,yaranvon6953
Ylfa Jonsdottir,ylfajonsdottir,ylfa0034@learnhubs.com,ylfajonsdottir2197
Zahar Shakhnovskaya Gorev,zaharshakhnovskaya ,zahar6597@learnhubs.com,zaharshakhnovskaya4084